{"cameraMode":{"drawMode":0,"name":"Shaded","section":"Shading Mode"},"sceneLighting":true,"audioPlay":false,"sceneViewState":{"m_AlwaysRefresh":false,"showFog":true,"showSkybox":true,"showFlares":true,"showImageEffects":true,"showParticleSystems":true,"showVisualEffectGraphs":true,"m_FxEnabled":true},"in2DMode":false,"pivot":{"x":-0.3857446312904358,"y":0.05198914185166359,"z":0.6170414686203003},"rotation":{"x":0.10222931951284409,"y":0.3891293406486511,"z":-0.04345332458615303,"w":0.9144729375839233},"size":2.889832019805908,"orthographic":false}